City_ID,City,Country,Date,Lat,Lng,Max Temp,Humidity,Cloudiness,Wind Speed
0,Jaitaran,IN,2022-07-28 03:42:31,26.2031,73.9364,81.81,77,95,14.2
1,Puerto Ayora,EC,2022-07-28 03:42:32,-0.7393,-90.3518,69.55,96,98,10.0
2,Vaini,TO,2022-07-28 03:41:45,-21.2,-175.2,78.96,83,20,10.36
3,Linqing,CN,2022-07-28 03:42:32,36.8456,115.7117,75.6,90,100,8.93
4,Khatanga,RU,2022-07-28 03:42:32,71.9667,102.5,72.39,45,94,4.09
5,Sitka,US,2022-07-28 03:42:33,57.0531,-135.33,60.69,72,100,5.75
6,Pacific Grove,US,2022-07-28 03:41:24,36.6177,-121.9166,64.24,87,40,3.44
7,Rikitea,PF,2022-07-28 03:42:33,-23.1203,-134.9692,74.03,67,100,17.85
8,Norman Wells,CA,2022-07-28 03:42:34,65.282,-126.8329,64.44,55,75,3.44
9,Balma,FR,2022-07-28 03:42:34,43.6111,1.4994,64.31,68,0,11.5
10,Daru,PG,2022-07-28 03:42:34,-9.0763,143.2092,78.12,88,43,19.55
11,Nemuro,JP,2022-07-28 03:42:35,43.3236,145.575,64.96,91,43,4.9
12,Qaanaaq,GL,2022-07-28 03:42:35,77.484,-69.3632,36.48,94,45,2.39
13,Vanimo,PG,2022-07-28 03:42:35,-2.6741,141.3028,84.81,70,64,9.86
14,Port Alfred,ZA,2022-07-28 03:42:36,-33.5906,26.891,63.79,82,89,20.11
15,Tongliao,CN,2022-07-28 03:42:36,43.6125,122.2653,70.56,87,100,5.39
16,Singapore,SG,2022-07-28 03:38:51,1.2897,103.8501,87.66,74,40,11.5
17,Sao Filipe,CV,2022-07-28 03:42:37,14.8961,-24.4956,78.26,88,92,3.98
18,Khandyga,RU,2022-07-28 03:42:37,62.6667,135.6,85.48,33,14,4.18
19,Copiapo,CL,2022-07-28 03:42:38,-27.3667,-70.3333,49.69,71,100,1.61
20,Magole,TZ,2022-07-28 03:42:38,-6.3667,37.3667,63.86,91,43,1.36
21,Vila Velha,BR,2022-07-28 03:41:30,-20.3297,-40.2925,65.95,90,20,1.14
22,Cape Town,ZA,2022-07-28 03:39:40,-33.9258,18.4232,59.38,80,0,2.3
23,Broken Hill,AU,2022-07-28 03:42:39,-31.95,141.4333,60.26,32,6,5.7
24,Tuktoyaktuk,CA,2022-07-28 03:42:39,69.4541,-133.0374,48.2,81,100,11.5
25,Yuki,JP,2022-07-28 03:42:39,36.3,139.8833,87.69,60,90,2.53
26,Saint-Philippe,RE,2022-07-28 03:42:40,-21.3585,55.7679,67.59,85,38,10.11
27,Kodiak,US,2022-07-28 03:42:40,57.79,-152.4072,56.71,62,0,8.05
28,Nikolskoye,RU,2022-07-28 03:41:31,59.7035,30.7861,61.88,75,0,4.56
29,Xining,CN,2022-07-28 03:42:40,36.6167,101.7667,73.8,34,3,2.3
30,Nishihara,JP,2022-07-28 03:42:41,26.1842,127.7558,87.46,79,75,9.22
31,Teknaf,BD,2022-07-28 03:42:41,20.8624,92.3058,86.97,67,85,3.98
32,Mataura,NZ,2022-07-28 03:41:37,-46.1927,168.8643,47.48,98,100,3.78
33,Hearst,CA,2022-07-28 03:42:02,49.6835,-83.6665,57.45,97,54,4.72
34,Mehamn,NO,2022-07-28 03:42:42,71.0357,27.8492,49.95,93,75,20.71
35,Mae Hong Son,TH,2022-07-28 03:42:42,19.3003,97.9685,87.94,66,20,2.3
36,Rawson,AR,2022-07-28 03:42:43,-43.3002,-65.1023,40.39,80,7,16.08
37,Moba,CN,2022-07-28 03:42:43,33.2288,105.0179,75.69,53,0,4.9
38,Kandrian,PG,2022-07-28 03:42:43,-6.2167,149.55,85.39,70,32,13.98
39,Roma,US,2022-07-28 03:42:44,43.2128,-75.4557,71.67,85,40,1.01
40,Liverpool,GB,2022-07-28 03:41:05,53.4106,-2.9779,60.62,90,100,5.75
41,Chengde,CN,2022-07-28 03:42:44,40.9725,117.9361,70.0,91,100,2.3
42,Yellowknife,CA,2022-07-28 03:40:53,62.456,-114.3525,66.72,63,75,11.99
43,Carutapera,BR,2022-07-28 03:42:45,-1.195,-46.02,74.86,90,93,3.47
44,Biryusinsk,RU,2022-07-28 03:42:45,55.9634,97.8235,63.99,58,100,5.21
45,Coquimbo,CL,2022-07-28 03:43:45,-29.9533,-71.3436,53.33,93,75,1.14
46,Bluff,NZ,2022-07-28 03:43:46,-46.6,168.3333,47.8,86,100,11.52
47,Herxheim,DE,2022-07-28 03:43:46,49.1472,8.2132,62.56,49,95,7.31
48,Punta Arenas,CL,2022-07-28 03:43:46,-53.15,-70.9167,39.31,75,20,26.46
49,Ponta Do Sol,PT,2022-07-28 03:43:47,32.6667,-17.1,73.71,74,0,5.91
50,Chokurdakh,RU,2022-07-28 03:43:47,70.6333,147.9167,62.02,33,88,14.52
51,Bongandanga,CD,2022-07-28 03:43:48,1.5,21.05,70.81,94,100,1.74
52,Jamestown,US,2022-07-28 03:39:49,42.097,-79.2353,72.99,74,100,6.91
53,Rocha,UY,2022-07-28 03:43:48,-34.4833,-54.3333,64.42,95,100,8.19
54,Albany,US,2022-07-28 03:43:48,42.6001,-73.9662,69.73,80,94,1.86
55,Galesong,ID,2022-07-28 03:43:49,-5.3166,119.3661,87.82,63,63,1.81
56,Torbay,CA,2022-07-28 03:43:49,47.6666,-52.7314,62.58,92,100,19.57
57,Kodinsk,RU,2022-07-28 03:43:49,58.6881,99.1844,59.54,89,100,1.59
58,Kysyl-Syr,RU,2022-07-28 03:43:50,63.8986,122.7617,86.52,38,20,6.42
59,Mahebourg,MU,2022-07-28 03:41:32,-20.4081,57.7,69.26,88,40,6.91
60,Busselton,AU,2022-07-28 03:43:50,-33.65,115.3333,64.51,68,27,12.55
61,Leh,IN,2022-07-28 03:43:30,34.1667,77.5833,57.13,75,100,6.08
62,Vaitape,PF,2022-07-28 03:43:51,-16.5167,-151.75,78.6,75,13,25.37
63,Mountain Home,US,2022-07-28 03:43:51,43.133,-115.6912,90.88,18,0,11.5
64,Dryden,CA,2022-07-28 03:43:51,49.7833,-92.7503,57.49,94,40,4.61
65,San Jose De Ocoa,DO,2022-07-28 03:43:52,18.55,-70.5,70.97,91,94,4.88
66,Alice Springs,AU,2022-07-28 03:43:52,-23.7,133.8833,69.22,32,1,14.97
67,Puerto Carreno,CO,2022-07-28 03:43:52,6.189,-67.4859,75.07,91,99,7.31
68,San Blas,MX,2022-07-28 03:43:53,21.5167,-105.2667,80.47,80,86,2.77
69,Kaitangata,NZ,2022-07-28 03:43:53,-46.2817,169.8464,44.8,93,100,7.58
70,Port Hardy,CA,2022-07-28 03:43:53,50.6996,-127.4199,69.98,73,20,4.61
71,Weihe,CN,2022-07-28 03:43:54,32.9952,105.3247,83.88,42,0,5.39
72,Kahului,US,2022-07-28 03:43:54,20.8947,-156.47,84.22,65,20,23.02
73,Ayagoz,KZ,2022-07-28 03:43:55,47.9714,80.4392,88.56,16,27,25.34
74,Port Elizabeth,ZA,2022-07-28 03:43:55,-33.918,25.5701,56.32,98,75,3.0
75,Nizhniy Odes,RU,2022-07-28 03:43:55,63.6445,54.856,66.65,50,20,5.5
76,Hobart,AU,2022-07-28 03:43:56,-42.8794,147.3294,53.06,63,93,1.99
77,Nuuk,GL,2022-07-28 03:40:36,64.1835,-51.7216,38.01,100,100,13.8
78,Bilma,NE,2022-07-28 03:43:56,18.6853,12.9164,82.92,58,81,8.72
79,Polis,CY,2022-07-28 03:43:57,35.0367,32.4264,73.22,49,0,0.25
80,Olafsvik,IS,2022-07-28 03:43:57,64.8945,-23.7142,47.93,87,100,27.38
81,Bredasdorp,ZA,2022-07-28 03:42:51,-34.5322,20.0403,47.79,91,0,5.7
82,Luang Prabang,LA,2022-07-28 03:43:57,19.8856,102.1347,85.96,74,20,2.3
83,Richmond,US,2022-07-28 03:39:07,37.5538,-77.4603,78.15,90,0,6.91
84,Hay River,CA,2022-07-28 03:39:36,60.8156,-115.7999,64.38,82,40,5.75
85,Havelock,US,2022-07-28 03:43:58,34.8791,-76.9013,82.36,89,61,5.99
86,Souillac,MU,2022-07-28 03:43:58,-20.5167,57.5167,68.38,88,40,6.91
87,Kavieng,PG,2022-07-28 03:42:49,-2.5744,150.7967,84.96,72,25,18.16
88,Kentau,KZ,2022-07-28 03:43:59,43.5206,68.5094,87.31,21,33,12.03
89,Carnarvon,AU,2022-07-28 03:43:59,-24.8667,113.6333,74.66,47,100,4.16
90,Constitucion,CL,2022-07-28 03:43:59,-35.3333,-72.4167,48.04,73,6,4.94
91,Russell,US,2022-07-28 03:45:00,32.3502,-85.1999,82.0,83,0,3.44
92,Kapaa,US,2022-07-28 03:42:53,22.0752,-159.319,84.18,73,20,16.11
93,Ribeira Grande,PT,2022-07-28 03:44:03,38.5167,-28.7,72.52,83,25,9.42
94,Plettenberg Bay,ZA,2022-07-28 03:45:00,-34.0527,23.3716,55.58,73,0,5.95
95,Comodoro Rivadavia,AR,2022-07-28 03:45:01,-45.8667,-67.5,44.46,45,0,16.11
96,Georgetown,MY,2022-07-28 03:41:12,5.4112,100.3354,88.9,71,20,8.05
97,Thompson,CA,2022-07-28 03:45:01,55.7435,-97.8558,59.16,88,75,2.3
98,Huatulco,MX,2022-07-28 03:45:02,15.8436,-96.3267,77.86,87,47,3.18
99,Loandjili,CG,2022-07-28 03:45:02,-4.7561,11.8578,66.31,100,75,2.3
100,Provideniya,RU,2022-07-28 03:45:02,64.3833,-173.3,44.71,100,100,7.0
101,Mar Del Plata,AR,2022-07-28 03:45:03,-38.0023,-57.5575,51.1,57,100,15.99
102,Avarua,CK,2022-07-28 03:45:03,-21.2078,-159.775,77.05,69,40,12.66
103,Hilo,US,2022-07-28 03:41:53,19.7297,-155.09,84.27,77,40,9.22
104,Porto Real,BR,2022-07-28 03:45:04,-22.4197,-44.2903,58.14,84,0,1.57
105,Ushuaia,AR,2022-07-28 03:41:20,-54.8,-68.3,40.66,81,75,18.41
106,Kirakira,SB,2022-07-28 03:45:04,-10.4544,161.9205,82.49,76,100,9.78
107,Yulara,AU,2022-07-28 03:45:05,-25.2406,130.9889,63.88,16,12,12.95
108,Korla,CN,2022-07-28 03:45:05,41.7597,86.1469,95.38,11,1,6.51
109,Hermanus,ZA,2022-07-28 03:45:05,-34.4187,19.2345,53.8,79,0,12.21
110,Komsomolskiy,UZ,2022-07-28 03:45:06,40.4272,71.7189,88.52,30,4,9.22
111,Castro,BR,2022-07-28 03:41:18,-24.7911,-50.0119,56.53,80,90,2.75
112,Ngaoundere,CM,2022-07-28 03:45:06,7.3167,13.5833,62.35,97,100,1.79
113,Xuddur,SO,2022-07-28 03:45:07,4.1213,43.8894,67.41,80,41,16.31
114,Esna,EG,2022-07-28 03:45:07,25.2934,32.554,78.82,19,45,5.79
115,Saint-Nazaire,FR,2022-07-28 03:45:07,47.2833,-2.2,62.87,74,0,5.75
116,Banda Aceh,ID,2022-07-28 03:45:08,5.5577,95.3222,83.41,71,90,4.74
117,Hithadhoo,MV,2022-07-28 03:43:55,-0.6,73.0833,82.8,73,100,11.79
118,Esperance,AU,2022-07-28 03:41:31,-33.8667,121.9,65.82,45,2,16.2
119,Calumpang,PH,2022-07-28 03:45:08,14.6228,121.0897,90.01,71,75,13.8
120,Orange Cove,US,2022-07-28 03:45:09,36.6244,-119.3137,94.66,25,75,3.44
121,Alta Floresta,BR,2022-07-28 03:45:09,-9.8756,-56.0861,68.04,46,0,2.64
122,Katsuura,JP,2022-07-28 03:44:17,35.1333,140.3,83.41,78,56,11.65
123,Igrim,RU,2022-07-28 03:45:10,63.1906,64.4162,68.04,49,2,3.74
124,Hasaki,JP,2022-07-28 03:45:10,35.7333,140.8333,97.29,78,77,15.95
125,San Cristobal,VE,2022-07-28 03:45:10,7.7669,-72.225,68.18,94,52,2.19
126,Arlit,NE,2022-07-28 03:45:11,18.7369,7.3853,85.42,50,84,20.33
127,Campbell River,CA,2022-07-28 03:42:02,50.0163,-125.2446,83.73,61,20,4.61
128,Cherskiy,RU,2022-07-28 03:42:56,68.75,161.3,55.31,47,99,6.15
129,Waingapu,ID,2022-07-28 03:45:11,-9.6567,120.2641,83.93,55,52,20.07
130,New Norfolk,AU,2022-07-28 03:45:12,-42.7826,147.0587,52.72,70,97,3.0
131,Guaimaro,CU,2022-07-28 03:45:12,21.05,-77.35,75.94,90,77,10.25
132,Tiksi,RU,2022-07-28 03:45:12,71.6872,128.8694,70.43,56,90,7.54
133,Faanui,PF,2022-07-28 03:45:13,-16.4833,-151.75,78.6,76,14,25.39
134,Ternate,ID,2022-07-28 03:45:13,0.8,127.4,83.62,73,97,3.87
135,Road Town,VG,2022-07-28 03:45:13,18.4167,-64.6167,80.69,72,0,20.22
136,Lagoa,PT,2022-07-28 03:45:14,39.05,-27.9833,71.13,81,0,7.27
137,Tasiilaq,GL,2022-07-28 03:44:01,65.6145,-37.6368,41.16,96,92,5.53
138,San Policarpo,PH,2022-07-28 03:46:14,12.1791,125.5072,86.4,74,100,7.85
139,Hofn,IS,2022-07-28 03:46:15,64.2539,-15.2082,52.68,98,100,18.99
140,Codajas,BR,2022-07-28 03:46:15,-3.8367,-62.0569,78.67,60,85,1.61
141,Arraial Do Cabo,BR,2022-07-28 03:46:15,-22.9661,-42.0278,67.96,83,0,8.05
142,Saint-Augustin,CA,2022-07-28 03:46:16,51.226,-58.6502,56.32,89,58,8.99
143,Tucumcari,US,2022-07-28 03:46:16,35.1717,-103.725,73.24,78,100,12.66
144,Saskylakh,RU,2022-07-28 03:46:16,71.9167,114.0833,74.19,51,84,8.21
145,Vestmannaeyjar,IS,2022-07-28 03:46:17,63.4427,-20.2734,51.58,74,97,16.98
146,Neuquen,AR,2022-07-28 03:45:01,-38.9516,-68.0591,44.49,76,0,2.3
147,Butaritari,KI,2022-07-28 03:43:03,3.0707,172.7902,81.84,78,11,12.53
148,Inhambane,MZ,2022-07-28 03:46:17,-23.865,35.3833,57.18,94,40,0.0
149,Vardo,NO,2022-07-28 03:46:18,70.3705,31.1107,51.78,87,100,26.46
150,Gannan,CN,2022-07-28 03:46:18,47.9147,123.5031,72.7,82,100,1.88
151,Severo-Kurilsk,RU,2022-07-28 03:46:18,50.6789,156.125,54.93,88,96,5.91
152,Murdochville,CA,2022-07-28 03:46:19,48.9583,-65.5006,56.28,95,58,3.27
153,Atikokan,CA,2022-07-28 03:46:19,48.7555,-91.6216,55.74,97,100,9.26
154,Port Macquarie,AU,2022-07-28 03:46:20,-31.4333,152.9167,66.88,48,0,6.53
155,Guarapari,BR,2022-07-28 03:46:20,-20.6667,-40.4975,65.89,83,2,5.03
156,Tuatapere,NZ,2022-07-28 03:46:20,-46.1333,167.6833,44.69,93,100,3.65
157,Andros Town,BS,2022-07-28 03:46:21,24.7,-77.7667,82.0,78,1,15.93
158,Upernavik,GL,2022-07-28 03:46:21,72.7868,-56.1549,40.32,85,100,1.72
159,Calvinia,ZA,2022-07-28 03:46:21,-31.4707,19.776,46.87,63,0,7.78
160,Bauchi,NG,2022-07-28 03:46:22,10.5,10.0,71.17,90,100,3.74
161,Bonfim,BR,2022-07-28 03:46:22,3.0833,-59.95,74.07,94,100,3.15
162,Atuona,PF,2022-07-28 03:46:23,-9.8,-139.0333,77.63,73,21,24.16
163,Pershotravneve,UA,2022-07-28 03:46:23,51.3929,28.8684,57.18,90,53,3.33
164,Meadow Lake,US,2022-07-28 03:46:23,34.8014,-106.5436,74.68,68,61,3.96
165,Birao,CF,2022-07-28 03:46:24,10.2849,22.7882,70.56,97,100,2.42
166,Petropavlovsk-Kamchatskiy,RU,2022-07-28 03:46:24,53.0452,158.6483,72.19,60,75,8.95
167,Manicore,BR,2022-07-28 03:46:24,-5.8092,-61.3003,71.55,88,0,0.0
168,Tambo,PE,2022-07-28 03:46:25,-14.8,-73.9167,37.99,43,8,4.41
169,Grindavik,IS,2022-07-28 03:46:25,63.8424,-22.4338,49.95,93,75,23.02
170,Shizuishan,CN,2022-07-28 03:46:25,39.2333,106.7694,90.75,16,31,14.92
171,Bathsheba,BB,2022-07-28 03:46:26,13.2167,-59.5167,81.21,86,40,19.57
172,Tomatlan,MX,2022-07-28 03:46:26,19.9333,-105.25,76.08,90,100,2.17
173,Bosaso,SO,2022-07-28 03:46:26,11.2842,49.1816,87.96,40,76,28.34
174,Vallenar,CL,2022-07-28 03:46:27,-28.5708,-70.7581,59.77,60,92,0.92
175,Xiamen,CN,2022-07-28 03:46:27,24.4798,118.0819,91.45,66,20,6.71
176,Vila Franca Do Campo,PT,2022-07-28 03:46:28,37.7167,-25.4333,72.01,93,83,3.65
177,Saint Anthony,US,2022-07-28 03:46:28,45.0205,-93.218,71.89,54,0,6.91
178,Cabras,IT,2022-07-28 03:46:28,39.93,8.5314,71.04,63,0,5.44
179,Jalu,LY,2022-07-28 03:44:06,29.0331,21.5482,79.39,48,0,6.2
180,Narsaq,GL,2022-07-28 03:46:29,60.9167,-46.05,46.62,85,15,1.72
181,Dordrecht,NL,2022-07-28 03:46:29,51.81,4.6736,56.98,75,57,7.43
182,Mount Gambier,AU,2022-07-28 03:47:30,-37.8333,140.7667,51.62,74,97,7.94
183,Saint George,US,2022-07-28 03:47:30,37.1041,-113.5841,74.62,75,40,8.05
184,Saint-Pierre,RE,2022-07-28 03:47:30,-21.3393,55.4781,69.91,69,20,5.75
185,Pingliang,CN,2022-07-28 03:47:31,35.5392,106.6861,84.65,26,0,9.86
186,Perugia,IT,2022-07-28 03:44:03,43.05,12.55,68.5,85,0,3.44
187,Lata,PT,2022-07-28 03:47:31,40.1629,-8.3327,54.95,92,0,1.48
188,Riyadh,SA,2022-07-28 03:43:36,24.6877,46.7219,93.34,27,100,14.9
189,Baykit,RU,2022-07-28 03:45:33,61.67,96.37,68.68,79,100,3.47
190,Pochutla,MX,2022-07-28 03:47:32,15.7432,-96.4661,77.83,93,54,2.19
191,Luderitz,NA,2022-07-28 03:47:26,-26.6481,15.1594,53.87,75,0,2.33
192,Berlevag,NO,2022-07-28 03:47:32,70.8578,29.0864,50.0,93,100,26.46
193,Bambous Virieux,MU,2022-07-28 03:45:07,-20.3428,57.7575,69.22,88,40,6.91
194,College,US,2022-07-28 03:46:25,64.8569,-147.8028,61.59,59,75,13.8
195,Codrington,AU,2022-07-28 03:47:33,-38.2667,141.9667,48.88,89,100,7.02
196,Biltine,TD,2022-07-28 03:47:06,14.5333,20.9167,73.76,77,100,6.6
197,Barrow,US,2022-07-28 03:47:33,71.2906,-156.7887,33.82,100,100,13.8
198,Charlestown,AU,2022-07-28 03:43:25,-32.95,151.6667,68.11,52,6,5.01
199,Magadan,RU,2022-07-28 03:47:34,59.5667,150.8,74.53,75,29,11.77
200,Chuy,UY,2022-07-28 03:47:34,-33.6971,-53.4616,60.3,97,100,6.91
201,Kinablangan,PH,2022-07-28 03:47:34,7.6947,126.5503,85.93,72,100,8.01
202,Novikovo,RU,2022-07-28 03:47:35,51.1537,37.8879,70.56,70,7,2.33
203,Marawi,PH,2022-07-28 03:47:35,7.9986,124.2928,79.03,79,80,2.82
204,Vila,PT,2022-07-28 03:47:35,42.0304,-8.1588,52.68,85,4,1.01
205,Athabasca,CA,2022-07-28 03:46:06,54.7169,-113.2854,75.61,72,15,7.02
206,Vinderup,DK,2022-07-28 03:47:36,56.4752,8.7908,55.08,84,25,9.35
207,Rodrigues Alves,BR,2022-07-28 03:47:36,-7.738,-72.6509,75.4,70,90,1.41
208,Salinas,US,2022-07-28 03:43:56,36.6777,-121.6555,64.49,79,75,11.5
209,Dalbandin,PK,2022-07-28 03:47:37,28.8947,64.4101,85.05,59,97,6.69
210,Tarata,BO,2022-07-28 03:47:37,-17.6167,-66.0167,53.08,60,23,4.05
211,Broome,US,2022-07-28 03:47:37,42.2506,-75.833,72.64,86,87,1.99
212,Mozarlandia,BR,2022-07-28 03:47:38,-14.7447,-50.5706,69.84,33,0,4.18
213,Mahibadhoo,MV,2022-07-28 03:47:38,3.7833,72.9667,82.31,74,89,14.92
214,Geraldton,AU,2022-07-28 03:47:38,-28.7667,114.6,70.21,68,40,8.05
215,Pascagoula,US,2022-07-28 03:47:39,30.3658,-88.5561,84.25,90,0,0.0
216,Dikson,RU,2022-07-28 03:44:02,73.5069,80.5464,40.55,94,61,13.49
217,Madang,PG,2022-07-28 03:47:39,-5.2246,145.7966,82.76,81,42,6.17
218,Ust-Maya,RU,2022-07-28 03:47:40,60.4167,134.5333,87.31,35,71,2.66
219,Tabuk,PH,2022-07-28 03:47:40,17.4189,121.4443,87.12,69,100,4.45
220,Dentsville,US,2022-07-28 03:47:40,34.064,-80.9582,84.22,79,75,4.61
221,Namibe,AO,2022-07-28 03:46:50,-15.1961,12.1522,61.2,79,75,7.11
222,Lorengau,PG,2022-07-28 03:47:41,-2.0226,147.2712,83.91,75,45,12.8
223,Labuhan,ID,2022-07-28 03:47:41,-6.8844,112.2051,86.47,60,99,7.49
224,Tual,ID,2022-07-28 03:47:41,-5.6667,132.75,79.0,84,39,21.7
225,Catarman,PH,2022-07-28 03:47:42,12.4989,124.6377,89.87,60,95,11.05
226,Bhatkal,IN,2022-07-28 03:47:42,13.9667,74.5667,82.58,77,58,1.41
227,Okha,RU,2022-07-28 03:47:43,53.5739,142.9478,63.72,70,28,13.69
228,Ancud,CL,2022-07-28 03:47:43,-41.8697,-73.8203,42.85,92,24,2.62
229,Zhigansk,RU,2022-07-28 03:47:43,66.7697,123.3711,79.02,47,27,4.5
230,Rio Grande,BR,2022-07-28 03:47:44,-32.035,-52.0986,58.95,96,98,7.38
231,Touros,BR,2022-07-28 03:48:44,-5.1989,-35.4608,72.72,86,36,12.12
232,Omsukchan,RU,2022-07-28 03:48:44,62.5333,155.8,61.23,34,69,7.78
233,Kerema,PG,2022-07-28 03:48:45,-7.9631,145.7785,80.64,86,89,9.98
234,Los Llanos De Aridane,ES,2022-07-28 03:48:45,28.6585,-17.9182,69.12,93,40,19.57
235,Meulaboh,ID,2022-07-28 03:48:46,4.1363,96.1285,83.95,66,92,2.37
236,Kot Samaba,PK,2022-07-28 03:48:46,28.5522,70.4684,89.74,66,98,11.99
237,Tabas,IR,2022-07-28 03:48:46,33.5959,56.9244,97.16,26,94,2.59
238,Ponta Delgada,PT,2022-07-28 03:48:47,37.7333,-25.6667,72.32,94,75,3.44
239,Pundaguitan,PH,2022-07-28 03:48:47,6.3711,126.1689,84.06,71,87,9.15
240,Bac Lieu,VN,2022-07-28 03:48:47,9.285,105.7244,86.77,65,69,4.63
241,Portland,US,2022-07-28 03:45:04,45.5234,-122.6762,91.38,51,20,6.91
242,Port Blair,IN,2022-07-28 03:48:03,11.6667,92.75,84.24,79,75,8.05
243,Jatai,BR,2022-07-28 03:48:48,-17.8814,-51.7144,64.62,37,0,4.09
244,Hilton Head Island,US,2022-07-28 03:45:02,32.2163,-80.7526,84.97,83,20,9.22
245,Quatre Cocos,MU,2022-07-28 03:48:48,-20.2078,57.7625,69.1,77,24,11.07
246,Balkanabat,TM,2022-07-28 03:48:49,39.5108,54.3671,92.43,26,0,13.76
247,Pevek,RU,2022-07-28 03:48:49,69.7008,170.3133,36.34,86,96,5.99
248,Amapa,BR,2022-07-28 03:48:49,1.0,-52.0,70.14,97,15,0.89
249,Longyearbyen,SJ,2022-07-28 03:48:50,78.2186,15.6401,42.64,81,75,18.41
250,Kruisfontein,ZA,2022-07-28 03:47:49,-34.0033,24.7314,51.73,91,2,5.12
251,Hennebont,FR,2022-07-28 03:48:50,47.8051,-3.2734,64.9,76,0,3.44
252,Pirai Do Sul,BR,2022-07-28 03:48:51,-24.5261,-49.9486,56.84,83,73,1.43
253,Boa Vista,BR,2022-07-28 03:48:51,2.8197,-60.6733,76.98,88,75,4.61
254,Deputatskiy,RU,2022-07-28 03:48:51,69.3,139.9,63.59,40,88,6.6
255,Hamilton,US,2022-07-28 03:44:59,39.1834,-84.5333,76.57,91,0,3.44
256,Quzhou,CN,2022-07-28 03:48:52,28.9594,118.8686,95.2,48,13,2.3
257,Okoneshnikovo,RU,2022-07-28 03:48:52,54.8377,75.0834,74.34,60,100,7.92
258,Ampanihy,MG,2022-07-28 03:48:53,-24.7,44.75,56.32,87,0,5.68
259,Marinette,US,2022-07-28 03:48:53,45.1,-87.6307,72.05,72,20,6.91
260,Aswan,EG,2022-07-28 03:48:53,24.0934,32.907,85.3,16,0,5.75
261,Dunedin,NZ,2022-07-28 03:46:39,-45.8742,170.5036,45.81,91,100,13.0
262,Victoria,HK,2022-07-28 03:47:01,22.2855,114.1577,94.96,72,0,5.01
263,Anchorage,US,2022-07-28 03:48:54,61.2181,-149.9003,70.68,51,0,15.01
264,Haines Junction,CA,2022-07-28 03:48:54,60.7522,-137.5108,53.55,87,100,1.14
265,Moron,AR,2022-07-28 03:48:55,-34.6534,-58.6198,62.29,99,100,6.91
266,Kaeo,NZ,2022-07-28 03:47:00,-35.1,173.7833,61.32,81,48,12.86
267,Brae,GB,2022-07-28 03:45:07,60.3964,-1.353,51.24,80,61,6.64
268,Vao,NC,2022-07-28 03:48:56,-22.6667,167.4833,69.57,67,100,7.9
269,Beyneu,KZ,2022-07-28 03:48:56,45.3167,55.2,86.05,31,98,5.59
270,Cabo San Lucas,MX,2022-07-28 03:48:39,22.8909,-109.9124,86.5,71,44,10.29
271,Iqaluit,CA,2022-07-28 03:48:56,63.7506,-68.5145,47.93,81,75,0.0
272,Bani Walid,LY,2022-07-28 03:48:57,31.7566,13.9942,76.39,43,0,5.39
273,Balakhninskiy,RU,2022-07-28 03:48:57,58.0106,114.2769,76.19,68,100,4.88
274,Borba,BR,2022-07-28 03:48:58,-4.3878,-59.5939,75.94,62,29,2.01
275,Kirundo,BI,2022-07-28 03:48:58,-2.5833,30.1667,65.62,60,86,1.95
276,Srednekolymsk,RU,2022-07-28 03:49:06,67.45,153.6833,58.5,40,100,10.4
277,San Vicente,AR,2022-07-28 03:49:58,-26.6167,-54.1333,60.53,81,42,2.64
278,Pangnirtung,CA,2022-07-28 03:49:59,66.1451,-65.7125,54.09,69,100,1.25
279,Aksu,CN,2022-07-28 03:49:59,41.1231,80.2644,95.63,15,6,7.96
280,Mirnyy,RU,2022-07-28 03:49:59,62.5353,113.9611,91.24,36,2,11.01
281,Caravelas,BR,2022-07-28 03:50:00,-17.7125,-39.2481,67.39,86,32,1.61
282,Sistranda,NO,2022-07-28 03:46:30,63.7256,8.834,49.96,71,100,8.88
283,Zyryanka,RU,2022-07-28 03:50:00,65.75,150.85,62.15,35,100,9.44
284,Sulangan,PH,2022-07-28 03:50:01,11.1373,123.7228,84.65,71,99,7.29
285,Ngawen,ID,2022-07-28 03:50:01,-7.0032,111.3129,85.73,60,100,6.42
286,Krasnyy Yar,RU,2022-07-28 03:50:01,46.5331,48.3456,71.53,82,100,5.61
287,Coihaique,CL,2022-07-28 03:47:57,-45.5752,-72.0662,39.81,65,0,3.44
288,Makakilo City,US,2022-07-28 03:50:02,21.3469,-158.0858,82.72,56,0,14.97
289,Vuktyl,RU,2022-07-28 03:50:02,63.8567,57.3094,66.07,50,94,4.23
290,Richards Bay,ZA,2022-07-28 03:50:03,-28.783,32.0377,62.47,89,89,4.99
291,Ilabaya,PE,2022-07-28 03:50:03,-17.4208,-70.5133,59.32,52,5,0.51
292,Mount Isa,AU,2022-07-28 03:50:03,-20.7333,139.5,74.97,22,31,14.97
293,Itarema,BR,2022-07-28 03:50:04,-2.9248,-39.9167,77.79,83,83,14.34
294,Bethel,US,2022-07-28 03:49:24,41.3712,-73.414,73.76,82,0,1.01
295,Barra Do Garcas,BR,2022-07-28 03:50:04,-15.89,-52.2567,66.81,39,0,3.24
296,East London,ZA,2022-07-28 03:50:05,-33.0153,27.9116,59.94,88,0,4.61
297,Kyra,RU,2022-07-28 03:50:05,49.5776,111.9753,65.93,54,100,4.05
298,Maine-Soroa,NE,2022-07-28 03:50:06,13.2114,12.0241,78.6,75,100,10.8
299,Lebu,CL,2022-07-28 03:47:37,-37.6167,-73.65,48.58,85,21,4.79
300,Halifax,CA,2022-07-28 03:46:11,44.6453,-63.5724,65.52,85,76,4.61
301,Sinnamary,GF,2022-07-28 03:50:06,5.3833,-52.95,76.42,88,96,5.32
302,Medowie,AU,2022-07-28 03:50:06,-32.7333,151.8667,67.98,48,0,14.97
303,Adrar,MR,2022-07-28 03:50:07,20.5022,-10.0711,94.12,9,0,8.81
304,Lompoc,US,2022-07-28 03:50:07,34.6391,-120.4579,64.54,85,100,12.66
305,Oksfjord,NO,2022-07-28 03:50:08,70.2396,22.3479,50.07,96,100,10.83
306,Kawalu,ID,2022-07-28 03:50:08,-7.3817,108.2082,84.96,59,93,4.9
307,Yaan,NG,2022-07-28 03:50:08,7.3833,8.5667,70.7,97,100,4.99
308,Trelew,AR,2022-07-28 03:50:09,-43.249,-65.3051,39.56,81,3,15.61
309,Northam,GB,2022-07-28 03:50:09,51.0333,-4.2167,56.39,93,100,2.46
310,Awbari,LY,2022-07-28 03:50:09,26.5921,12.7805,77.18,16,0,6.29
311,Yugorsk,RU,2022-07-28 03:50:10,61.3133,63.3319,68.79,45,0,4.52
312,Marataizes,BR,2022-07-28 03:50:10,-21.0433,-40.8244,65.64,81,0,7.23
313,Callaguip,PH,2022-07-28 03:50:10,18.0714,120.4867,86.02,84,75,8.05
314,Kingaroy,AU,2022-07-28 03:50:11,-26.5333,151.8333,63.75,45,1,1.7
315,Steinhagen,DE,2022-07-28 03:50:11,52.0,8.4,52.21,83,100,5.46
316,Montrose,US,2022-07-28 03:50:11,38.4166,-108.2673,67.41,55,100,4.81
317,Klaksvik,FO,2022-07-28 03:50:12,62.2266,-6.589,52.72,91,89,14.2
318,Sembakung,ID,2022-07-28 03:50:12,3.8167,117.25,87.62,66,89,1.95
319,Cidreira,BR,2022-07-28 03:50:13,-30.1811,-50.2056,61.11,88,100,4.81
320,Atar,MR,2022-07-28 03:50:13,20.5169,-13.0499,92.89,19,44,13.04
321,Sangar,RU,2022-07-28 03:50:13,63.9242,127.4739,82.06,47,5,1.54
322,Aquiraz,BR,2022-07-28 03:50:14,-3.9014,-38.3911,78.89,82,95,12.28
323,Walvis Bay,NA,2022-07-28 03:50:14,-22.9575,14.5053,53.1,93,4,1.14
324,Grand Forks,US,2022-07-28 03:51:14,47.9417,-97.4337,58.93,82,20,8.05
325,Pangody,RU,2022-07-28 03:51:15,65.85,74.4859,63.82,55,9,12.64
326,Atherton,GB,2022-07-28 03:49:13,53.5237,-2.4935,60.22,95,100,1.99
327,Lavrentiya,RU,2022-07-28 03:50:45,65.5833,-171.0,41.81,83,100,6.82
328,Ponazyrevo,RU,2022-07-28 03:51:15,58.3578,46.3142,66.67,69,2,6.2
329,Christchurch,NZ,2022-07-28 03:49:09,-43.5333,172.6333,50.92,88,100,8.05
330,Asfi,MA,2022-07-28 03:51:16,32.2994,-9.2372,67.95,84,2,13.38
331,Perez,AR,2022-07-28 03:51:16,-32.9983,-60.7679,55.9,87,100,18.41
332,Port Lincoln,AU,2022-07-28 03:50:41,-34.7333,135.8667,59.68,64,17,7.0
333,Burnie,AU,2022-07-28 03:51:17,-41.0667,145.9167,50.94,62,100,9.78
334,San Miguel,SV,2022-07-28 03:51:17,13.4833,-88.1833,73.15,99,70,2.17
335,Coos Bay,US,2022-07-28 03:51:17,43.3665,-124.2179,63.0,96,100,6.91
336,Cadiz,ES,2022-07-28 03:51:18,36.5,-5.75,66.76,94,0,2.82
337,Guerrero Negro,MX,2022-07-28 03:49:15,27.9769,-114.0611,68.54,83,67,14.79
338,Marigot,MF,2022-07-28 03:51:18,18.0667,-63.0833,81.05,69,20,13.8
339,Monki,PL,2022-07-28 03:51:19,53.405,22.7979,51.84,86,1,4.68
340,Kemise,ET,2022-07-28 03:51:19,10.7167,39.8667,66.76,83,86,6.62
341,Pozo Colorado,PY,2022-07-28 03:51:19,-23.4923,-58.7972,72.79,34,21,5.19
342,Gramsh,AL,2022-07-28 03:51:20,40.8697,20.1844,73.71,64,20,6.35
343,Te Anau,NZ,2022-07-28 03:51:20,-45.4167,167.7167,41.72,98,100,1.39
344,Todos Santos,MX,2022-07-28 03:51:21,23.45,-110.2167,80.04,82,49,6.42
345,Urumqi,CN,2022-07-28 03:48:51,43.801,87.6005,88.75,16,0,6.71
346,Kununurra,AU,2022-07-28 03:51:21,-15.7667,128.7333,80.58,18,5,10.36
347,La Tuque,CA,2022-07-28 03:51:21,47.4334,-72.7824,66.45,77,76,2.3
348,Krasnyy Klyuch,RU,2022-07-28 03:51:22,55.3863,56.6529,66.04,59,3,6.31
349,Volno-Nadezhdinskoye,RU,2022-07-28 03:51:22,43.3833,131.9917,78.28,73,40,11.18
350,Ayan,RU,2022-07-28 03:51:23,56.45,138.1667,59.77,87,31,10.16
351,Juegang,CN,2022-07-28 03:51:23,32.3174,121.1855,89.35,72,0,7.47
352,Airai,TL,2022-07-28 03:51:23,-8.9266,125.4092,71.01,46,13,5.44
353,Mecca,SA,2022-07-28 03:51:16,21.4267,39.8261,87.01,60,83,11.21
354,Nago,JP,2022-07-28 03:51:24,26.5881,127.9761,88.23,74,87,13.98
355,Talnakh,RU,2022-07-28 03:51:24,69.4865,88.3972,58.21,60,91,12.95
356,Tadine,NC,2022-07-28 03:51:24,-21.55,167.8833,71.55,70,91,12.95
357,Goundam,ML,2022-07-28 03:51:25,16.4145,-3.6708,87.12,57,3,22.53
358,Antofagasta,CL,2022-07-28 03:48:09,-23.65,-70.4,56.48,84,83,8.19
359,Yangjiang,CN,2022-07-28 03:51:25,21.85,111.9667,91.35,60,6,3.4
360,Krasnoye,UA,2022-07-28 03:51:26,49.9145,24.6134,59.65,86,92,2.86
361,Dicabisagan,PH,2022-07-28 03:51:26,17.0818,122.4157,88.84,62,100,2.35
362,Bikaner,IN,2022-07-28 03:51:26,28.0167,73.3,86.4,69,57,15.12
363,San Felipe,VE,2022-07-28 03:51:27,10.3399,-68.7425,72.23,98,68,1.25
364,Kargasok,RU,2022-07-28 03:51:27,59.0556,80.8572,69.35,74,45,10.98
365,Douentza,ML,2022-07-28 03:51:28,14.9951,-2.9517,84.2,57,56,15.79
366,Ilulissat,GL,2022-07-28 03:49:41,69.2167,-51.1,44.62,93,100,1.14
367,Seymchan,RU,2022-07-28 03:51:28,62.8833,152.4333,65.95,33,78,5.12
368,Westport,US,2022-07-28 03:51:28,41.1415,-73.3579,76.08,89,0,6.91
369,Hurbanovo,SK,2022-07-28 03:52:29,47.8698,18.1923,68.05,87,51,2.28
370,Chicama,PE,2022-07-28 03:52:29,-7.8447,-79.1469,57.74,86,39,6.53
371,Kushmurun,KZ,2022-07-28 03:52:29,52.4503,64.6311,64.69,67,66,19.26
372,Aksarka,RU,2022-07-28 03:52:30,66.5606,67.7975,68.86,50,67,10.78
373,Puerto Del Rosario,ES,2022-07-28 03:52:30,28.5004,-13.8627,73.15,73,75,18.41
374,Charters Towers,AU,2022-07-28 03:52:30,-20.1,146.2667,71.13,23,0,9.06
375,Ucluelet,CA,2022-07-28 03:51:12,48.9329,-125.5528,61.09,91,30,1.99
376,Nouadhibou,MR,2022-07-28 03:52:31,20.931,-17.0347,73.38,83,4,24.16
377,Sertania,BR,2022-07-28 03:52:31,-8.0736,-37.2644,60.58,92,8,4.25
378,Coahuayana,MX,2022-07-28 03:52:32,18.7333,-103.6833,77.67,85,97,2.08
379,Maniitsoq,GL,2022-07-28 03:52:32,65.4167,-52.9,41.23,85,39,9.93
380,Ayia Galini,GR,2022-07-28 03:52:33,35.1,24.6833,79.84,45,0,6.29
381,Huilong,CN,2022-07-28 03:52:33,31.8111,121.655,86.85,76,0,12.21
382,Kizema,RU,2022-07-28 03:52:33,61.113,44.8302,68.79,78,50,7.25
383,Fairbanks,US,2022-07-28 03:51:31,64.8378,-147.7164,61.61,60,75,13.8
384,Apam,GH,2022-07-28 03:52:34,5.2848,-0.7371,74.73,87,69,12.95
385,Juntas,CR,2022-07-28 03:52:34,10.2809,-84.9595,75.63,92,99,2.1
386,Wadi Maliz,TN,2022-07-28 03:52:35,36.4681,8.5495,74.86,74,0,2.13
387,Mumford,GH,2022-07-28 03:52:35,5.2618,-0.759,74.75,86,67,13.35
388,Sechura,PE,2022-07-28 03:51:48,-5.5569,-80.8222,63.52,82,25,15.28
389,Hervey Bay,AU,2022-07-28 03:47:47,-25.2986,152.8535,66.7,54,3,9.31
390,Frederick,US,2022-07-28 03:52:35,39.4668,-77.3997,79.61,91,0,5.75
391,Axim,GH,2022-07-28 03:52:36,4.8699,-2.2405,75.45,82,97,12.75
392,Egvekinot,RU,2022-07-28 03:52:36,66.3167,-179.1667,39.65,82,100,4.52
393,Bangangte,CM,2022-07-28 03:52:36,5.1409,10.5198,61.68,99,100,3.13
394,Peniche,PT,2022-07-28 03:52:37,39.3558,-9.3811,65.28,90,3,10.63
395,Kailua,US,2022-07-28 03:52:37,21.4022,-157.7394,84.18,68,0,9.22
396,Owando,CG,2022-07-28 03:52:38,-0.4819,15.8999,70.95,75,100,3.58
397,Jumla,NP,2022-07-28 03:52:38,29.2747,82.1838,67.68,84,100,3.27
398,Sortland,NO,2022-07-28 03:52:39,68.6949,15.4162,48.16,90,85,3.29
399,Kosh-Agach,RU,2022-07-28 03:52:39,50.0,88.6667,66.13,36,7,2.21
400,Douglas,US,2022-07-28 03:50:25,41.3,-96.167,77.88,69,0,5.75
401,Uige,AO,2022-07-28 03:52:39,-7.6087,15.0613,60.69,90,95,1.92
402,Mayo,US,2022-07-28 03:48:35,38.8876,-76.5119,82.35,88,0,3.44
403,Brigantine,US,2022-07-28 03:52:40,39.4101,-74.3646,75.4,85,0,4.61
404,Slobodskoy,RU,2022-07-28 03:52:40,58.7322,50.1772,63.63,63,1,3.27
405,Tezu,IN,2022-07-28 03:52:41,27.9167,96.1667,79.32,96,99,0.98
406,Aripuana,BR,2022-07-28 03:52:41,-9.1667,-60.6333,72.16,48,5,1.61
407,San Borja,BO,2022-07-28 03:52:42,-14.8167,-66.85,74.64,66,40,2.48
408,Tiznit,MA,2022-07-28 03:52:42,29.5833,-9.5,73.31,57,0,2.08
409,Constantine,DZ,2022-07-28 03:52:42,36.365,6.6147,71.01,64,0,5.75
410,Carazinho,BR,2022-07-28 03:52:43,-28.2839,-52.7864,60.28,88,87,7.2
411,Turayf,SA,2022-07-28 03:53:43,31.6725,38.6637,71.85,40,0,6.91
412,Mandiana,GN,2022-07-28 03:53:43,10.6333,-8.6833,70.11,95,39,8.12
413,Bilibino,RU,2022-07-28 03:53:44,68.0546,166.4372,54.27,43,100,2.64
414,Mahon,ES,2022-07-28 03:52:56,39.8885,4.2658,72.16,78,0,0.0
415,Nongpoh,IN,2022-07-28 03:53:44,25.9,91.8833,84.58,73,49,3.74
416,Nunkini,MX,2022-07-28 03:53:45,20.3333,-90.1833,75.13,88,100,5.64
417,Colmenar Viejo,ES,2022-07-28 03:50:00,40.6591,-3.7676,77.72,45,0,3.89
418,Monrovia,LR,2022-07-28 03:53:45,6.3005,-10.7969,74.97,84,99,10.56
419,Bengkulu,ID,2022-07-28 03:53:45,-3.8004,102.2655,84.9,65,52,3.0
420,Konganapuram,IN,2022-07-28 03:51:27,11.5833,77.9167,83.08,68,88,3.31
421,Huarmey,PE,2022-07-28 03:53:46,-10.0681,-78.1522,62.55,86,26,9.28
422,Amahai,ID,2022-07-28 03:53:46,-3.3333,128.9167,78.17,89,95,10.89
423,Quelimane,MZ,2022-07-28 03:53:46,-17.8786,36.8883,60.17,82,0,3.0
424,Gangakher,IN,2022-07-28 03:53:47,18.95,76.75,83.26,67,100,4.07
425,Qarqin,AF,2022-07-28 03:53:47,37.4185,66.0436,96.87,20,0,18.5
426,Goderich,CA,2022-07-28 03:53:48,43.7501,-81.7165,73.72,83,0,11.5
427,Sao Joao Da Barra,BR,2022-07-28 03:53:22,-21.6403,-41.0511,68.34,85,0,10.6
428,Nouakchott,MR,2022-07-28 03:50:33,18.0858,-15.9785,80.53,82,82,22.15
429,Tessalit,ML,2022-07-28 03:53:48,20.1986,1.0114,92.17,23,67,10.54
430,Chegdomyn,RU,2022-07-28 03:53:49,51.1167,133.0167,83.16,55,100,5.23
431,Pathein,MM,2022-07-28 03:50:22,16.7833,94.7333,89.37,61,12,9.8
432,Dombasle-Sur-Meurthe,FR,2022-07-28 03:53:49,48.6252,6.3497,57.34,64,0,2.3
433,Pitimbu,BR,2022-07-28 03:53:25,-7.4706,-34.8086,72.19,85,93,8.57
434,Kurri Kurri,AU,2022-07-28 03:53:50,-32.8167,151.4833,67.78,55,6,4.54
435,Dickinson,US,2022-07-28 03:51:31,29.4608,-95.0513,85.08,81,20,6.91
436,Atbasar,KZ,2022-07-28 03:53:50,51.8,68.3333,73.13,58,10,15.99
437,Sakakah,SA,2022-07-28 03:53:50,29.9697,40.2064,85.57,13,6,9.28
438,Pisco,PE,2022-07-28 03:53:51,-13.7,-76.2167,59.05,82,20,3.44
439,Margate,GB,2022-07-28 03:53:51,51.3813,1.3862,62.91,76,100,4.0
440,Ahipara,NZ,2022-07-28 03:53:51,-35.1667,173.1667,57.49,83,43,14.05
441,Urucara,BR,2022-07-28 03:53:52,-2.5364,-57.76,76.96,71,100,2.75
442,Yorkton,CA,2022-07-28 03:53:52,51.2167,-102.4677,57.04,77,75,5.75
443,Emba,KZ,2022-07-28 03:53:52,48.8264,58.1442,73.49,55,17,9.53
444,Leningradskiy,RU,2022-07-28 03:50:21,69.3833,178.4167,39.06,79,95,7.56
445,Fuerte,PH,2022-07-28 03:53:53,17.5381,120.3644,88.11,68,99,3.02
446,Kiruna,SE,2022-07-28 03:53:53,67.8557,20.2251,47.32,76,100,8.05
447,Dudinka,RU,2022-07-28 03:53:54,69.4058,86.1778,58.62,58,75,9.98
448,Uren,RU,2022-07-28 03:53:54,57.4552,45.7852,66.72,70,62,6.22
449,Umm Bab,QA,2022-07-28 03:53:54,25.2142,50.8072,89.82,66,100,12.55
450,Katherine,AU,2022-07-28 03:50:06,-14.4667,132.2667,82.72,32,20,14.97
451,Santa Catarina De Tepehuanes,MX,2022-07-28 03:53:55,25.35,-105.7333,62.85,89,100,2.51
452,Guanajuato,MX,2022-07-28 03:49:03,21.0186,-101.2591,57.99,82,99,3.91
453,Soto La Marina,MX,2022-07-28 03:53:55,23.7667,-98.2167,80.78,88,99,6.33
454,Moerai,PF,2022-07-28 03:53:56,-22.4333,-151.3333,71.89,70,99,24.45
455,Snyder,US,2022-07-28 03:53:56,32.7179,-100.9176,91.09,23,0,9.22
456,San Rafael,AR,2022-07-28 03:53:56,-34.6177,-68.3301,44.1,72,46,3.36
457,Naze,JP,2022-07-28 03:53:49,28.3667,129.4833,86.92,82,68,15.79
458,Parfenyevo,RU,2022-07-28 03:54:57,58.484,43.4088,66.38,93,99,6.6
459,Port-Gentil,GA,2022-07-28 03:54:57,-0.7193,8.7815,74.75,80,96,13.51
460,Kavaratti,IN,2022-07-28 03:53:26,10.5669,72.642,78.55,87,100,17.47
461,Flinders,AU,2022-07-28 03:54:58,-34.5833,150.8552,68.18,52,12,8.01
462,Puerto Colombia,CO,2022-07-28 03:54:58,10.9878,-74.9547,80.69,85,74,17.45
463,Salalah,OM,2022-07-28 03:54:58,17.0151,54.0924,75.06,96,100,9.53
464,Santa Maria,BR,2022-07-28 03:54:59,-29.6842,-53.8069,60.1,100,40,0.0
465,Vincennes,FR,2022-07-28 03:54:59,48.85,2.4333,63.97,61,0,4.61
466,Kosa,RU,2022-07-28 03:54:59,59.9445,54.9977,64.56,60,27,2.42
467,Cap Malheureux,MU,2022-07-28 03:55:00,-19.9842,57.6142,69.48,76,2,5.01
468,Williston,US,2022-07-28 03:53:56,48.147,-103.618,66.31,58,7,5.39
469,Cosamaloapan,MX,2022-07-28 03:55:00,18.3667,-95.8,74.62,92,99,2.55
470,Male,MV,2022-07-28 03:50:31,4.1748,73.5089,84.15,74,75,12.66
471,Natal,BR,2022-07-28 03:55:01,-5.795,-35.2094,73.62,94,0,5.75
472,Belmonte,BR,2022-07-28 03:53:18,-15.8631,-38.8828,69.21,79,1,4.5
473,Culiacan,MX,2022-07-28 03:55:01,24.7994,-107.3897,75.63,88,100,7.63
474,Badou,TG,2022-07-28 03:55:01,7.5833,0.6,70.83,98,83,3.38
475,Loreto,MX,2022-07-28 03:55:02,22.2667,-101.9667,64.29,64,92,11.21
476,Kutum,SD,2022-07-28 03:54:30,14.2,24.6667,72.34,66,89,4.94
477,General Roca,AR,2022-07-28 03:55:02,-39.0333,-67.5833,44.62,64,1,15.82
478,Agutaya,PH,2022-07-28 03:55:03,11.148,120.9417,83.98,75,92,9.55
479,Alekseyevsk,RU,2022-07-28 03:55:03,57.8406,108.3492,67.17,82,100,0.6
480,Lardos,GR,2022-07-28 03:55:04,36.0942,28.0157,76.95,62,0,6.22
481,Henties Bay,NA,2022-07-28 03:55:04,-22.116,14.2845,52.59,84,1,1.23
482,Boz,FR,2022-07-28 03:55:04,46.4071,4.9109,61.14,77,1,1.95
483,Bairiki,KI,2022-07-28 03:55:05,1.3292,172.9752,86.0,70,40,13.8
484,Husavik,IS,2022-07-28 03:55:05,66.0449,-17.3389,52.09,82,25,9.69
485,Bambanglipuro,ID,2022-07-28 03:55:06,-7.95,110.2833,82.89,71,73,11.65
486,Palu,ID,2022-07-28 03:54:29,-0.8917,119.8707,84.83,78,83,2.53
487,Ukiah,US,2022-07-28 03:55:06,39.1502,-123.2078,87.69,23,0,6.91
488,Santa Cruz De Tenerife,ES,2022-07-28 03:55:06,28.4682,-16.2546,73.62,91,100,24.16
489,Linqiong,CN,2022-07-28 03:55:07,30.4159,103.4609,85.82,67,74,2.95
490,Pasichna,UA,2022-07-28 03:55:07,48.5715,24.43,57.65,81,58,2.01
491,Wetteren,BE,2022-07-28 03:55:07,50.9934,3.8721,57.09,74,65,8.34
492,Qui Nhon,VN,2022-07-28 03:55:08,13.7667,109.2333,87.04,65,9,7.25
493,Basar,IN,2022-07-28 03:55:08,27.9833,94.6667,80.04,85,83,2.19
494,Ihosy,MG,2022-07-28 03:55:09,-22.4,46.1167,56.7,86,59,5.37
495,Karratha,AU,2022-07-28 03:54:25,-20.7377,116.8463,79.86,36,0,18.14
496,Songjianghe,CN,2022-07-28 03:50:47,42.1859,127.479,84.43,43,99,5.88
497,Urengoy,RU,2022-07-28 03:55:09,65.9667,78.3667,58.41,62,74,14.23
498,Inuvik,CA,2022-07-28 03:55:10,68.3499,-133.7218,58.06,61,75,3.44
499,Kamenka,RU,2022-07-28 03:53:14,51.3223,42.7678,71.08,65,99,5.5
500,Liyang,CN,2022-07-28 03:55:10,29.7057,118.2862,98.67,46,3,1.9
501,Minab,IR,2022-07-28 03:55:10,27.1467,57.0801,87.87,71,91,3.13
502,Ocean City,US,2022-07-28 03:53:17,39.2776,-74.5746,77.29,89,99,7.63
503,Farafangana,MG,2022-07-28 03:55:11,-22.8167,47.8333,65.5,83,37,4.99
504,Medea,DZ,2022-07-28 03:56:11,36.2642,2.7539,67.19,65,0,0.78
505,Corinto,GR,2022-07-28 03:56:12,37.9407,22.9573,80.89,53,0,3.74
506,Puerto Leguizamo,CO,2022-07-28 03:56:12,-0.1934,-74.7819,68.56,99,90,1.68
507,Anadyr,RU,2022-07-28 03:56:12,64.75,177.4833,48.7,87,75,22.37
508,Dingle,PH,2022-07-28 03:56:13,10.9995,122.6711,87.67,70,99,11.12
509,La Primavera,CO,2022-07-28 03:56:13,5.4906,-70.4092,73.65,94,98,8.28
510,Kroya,ID,2022-07-28 03:56:13,-7.6331,109.2461,83.3,70,63,6.42
511,San Quintin,MX,2022-07-28 03:56:14,30.4833,-115.95,67.12,87,6,11.32
512,Lethem,GY,2022-07-28 03:56:14,3.3803,-59.7968,73.42,94,100,1.81
513,Winton,US,2022-07-28 03:56:14,37.3894,-120.6133,87.98,32,44,12.08
514,Odweyne,SO,2022-07-28 03:56:15,9.4092,45.064,70.68,51,30,19.44
515,Lasa,IT,2022-07-28 03:52:41,46.6166,10.7002,56.7,92,75,2.3
516,Lucea,JM,2022-07-28 03:56:15,18.451,-78.1736,82.26,77,37,11.92
517,Borogontsy,RU,2022-07-28 03:56:16,62.6683,131.1683,88.7,35,24,3.65
518,Lafia,NG,2022-07-28 03:56:16,8.4833,8.5167,73.18,96,100,5.79
519,Palembang,ID,2022-07-28 03:54:12,-2.9167,104.7458,86.09,74,40,4.61
520,Takestan,IR,2022-07-28 03:56:17,36.0696,49.6959,73.53,73,15,9.82
521,Karla,EE,2022-07-28 03:56:17,59.3723,24.9275,58.57,95,75,5.75
522,Nome,US,2022-07-28 03:56:17,64.5011,-165.4064,53.17,84,57,11.97
523,Vengerovo,RU,2022-07-28 03:56:18,55.6848,76.7471,72.41,71,98,7.54
524,Clyde River,CA,2022-07-28 03:52:13,70.4692,-68.5914,37.63,100,100,5.75
525,Kembe,CF,2022-07-28 03:56:18,4.6228,21.8865,68.67,98,100,2.17
526,Rosetta,EG,2022-07-28 03:56:19,31.4044,30.4164,77.27,72,0,2.66
527,Bay Roberts,CA,2022-07-28 03:56:19,47.5999,-53.2648,64.33,93,10,5.99
528,Eureka,US,2022-07-28 03:55:02,40.8021,-124.1637,59.2,86,13,1.99
529,Kirtipur,NP,2022-07-28 03:56:19,27.6667,85.2833,73.33,83,75,3.44
530,Kondol,RU,2022-07-28 03:56:20,52.8189,45.058,70.2,73,3,6.91
531,Basoko,CD,2022-07-28 03:56:20,1.2391,23.616,70.81,94,97,3.42
532,Acapulco,MX,2022-07-28 03:51:35,16.8634,-99.8901,77.92,86,98,4.74
533,Hobyo,SO,2022-07-28 03:52:15,5.3505,48.5268,75.47,77,99,22.12
534,Shache,CN,2022-07-28 03:55:59,38.4167,77.2406,96.15,14,5,9.55
535,Agirish,RU,2022-07-28 03:56:21,61.9247,63.0231,68.54,41,0,5.37
536,Rajampet,IN,2022-07-28 03:56:21,14.1833,79.1667,86.79,63,74,3.15
537,Cockburn Town,TC,2022-07-28 03:52:13,21.4612,-71.1419,81.16,77,0,20.92
538,Ikwiriri,TZ,2022-07-28 03:56:22,-7.9562,38.9716,67.82,95,94,3.71
539,Kislyakovskaya,RU,2022-07-28 03:56:22,46.4417,39.675,71.98,62,0,5.84
540,Kuminskiy,RU,2022-07-28 03:56:22,58.6667,66.5667,62.65,63,100,10.92
541,Fortuna,US,2022-07-28 03:54:55,40.5982,-124.1573,58.93,85,7,4.76
542,Saldanha,ZA,2022-07-28 03:53:28,-33.0117,17.9442,42.85,69,0,7.58
543,Lotofaga,WS,2022-07-28 03:56:23,-13.9764,-171.8578,85.78,69,1,17.05
544,Rangapara,IN,2022-07-28 03:56:23,26.8167,92.65,85.15,79,45,4.83
545,Sibolga,ID,2022-07-28 03:52:46,1.7427,98.7792,86.5,56,26,4.05
546,Raca,RS,2022-07-28 03:56:24,44.2271,20.9775,67.01,71,96,2.08
547,Touba,CI,2022-07-28 03:56:24,8.2833,-7.6833,69.13,91,67,8.28
548,Kudahuvadhoo,MV,2022-07-28 03:56:25,2.6708,72.8944,82.54,73,98,14.97
549,Erzin,TR,2022-07-28 03:57:25,36.9559,36.2,80.2,47,0,0.49
550,Hami,CN,2022-07-28 03:57:25,42.8,93.45,94.21,9,0,7.02
551,San Roque,ES,2022-07-28 03:57:26,36.2107,-5.3842,70.63,68,0,13.8
552,Lazaro Cardenas,MX,2022-07-28 03:57:26,17.9583,-102.2,79.9,80,100,4.03
